NOC,Predicted_Probability
Saint Lucia,0.7936507936507935
Albania,0.7936507936507935
Dominica,0.7936507936507935
