NOC,Predicted_Probability
Czechia,0.5952380952380948
EOR,0.5952380952380948
AIN,0.5793650793650789
Liberia,0.5238095238095233
Nicaragua,0.5238095238095233
